,MSE[mean],MAE[0.5],sMAPE[0.5],MASE[0.5],ND[0.5],NRMSE[mean],total_time_eval
m4_Yearly,6092823.933217391,1189.422714673913,0.2108396943686665,4.720644431827302,0.19070016194324885,0.3957529382535201,1834.3573143482208
m4_Quarterly,3341374.5086666667,717.2871731770833,0.1328894129594167,1.5999625944497098,0.12006124145916425,0.3059654178885118,1896.7305493354797
m4_Monthly,3653752.165212963,654.3182004484954,0.15244998065630594,1.1907499695726234,0.13598978416419122,0.3972709661772045,3696.0813155174255
m4_Weekly,626937.0336404543,404.2348671523463,0.10668579127718555,0.685916498041747,0.07364532104316096,0.14425250093851125,28.38501501083374
m4_Daily,733658.8664706479,226.67104540538713,0.03901514155644983,1.4557919950383138,0.0350144119911149,0.13231158595228543,395.79897904396057
m4_Hourly,2204414.134007649,320.41399252088365,0.13183918705692999,2.037960411588871,0.043743584884642896,0.20269801303403923,41.510316371917725
