model,score
TimesFM,0.1226906634319847
Chronos Base,0.18010610165388816
Moirai Base,1.0
