,MSE[mean],MAE[0.5],sMAPE[0.5],MASE[0.5],ND[0.5],NRMSE[mean],total_time_eval
timesfm_m4_Yearly_uni2ts,3742026.07062485,896.5302002212137,0.14851365930975594,3.3705906273208956,0.14374069979863335,0.3101474649186263,2199.6818759441376
chronos_m4_Yearly_uni2ts,4083912.0149275362,1009.0433860960145,0.17346141946488533,3.85385423454399,0.16177994049596517,0.32400597544112525,2591.7115852832794
moirai_m4_Yearly_uni2ts,8466900.266956521,1131.6976085824276,0.19022744316985643,4.342010960735183,0.18144509373799103,0.466527289986191,278.90339064598083
