,MSE[mean],MAE[0.5],sMAPE[0.5],MASE[0.5],ND[0.5],NRMSE[mean],total_time_eval
m4_Yearly,8466900.266956521,1131.6976085824276,0.19022744316985643,4.342010960735183,0.18144509373799103,0.466527289986191,278.90339064598083
