,MSE[mean],MAE[0.5],sMAPE[0.5],MASE[0.5],ND[0.5],NRMSE[mean],total_time_eval
m4_Yearly,3958447.548057971,978.8458872282608,0.1694787783968276,3.70170422416241,0.156938375994516,0.3189901560888992,628.5475475788116
