,MSE[mean],MAE[0.5],sMAPE[0.5],MASE[0.5],ND[0.5],NRMSE[mean],total_time_eval
m4_Yearly,6092823.933217391,1189.422714673913,0.2108396943686665,4.720644431827302,0.19070016194324885,0.3957529382535201,1834.3573143482208
