,MSE[mean],MAE[0.5],sMAPE[0.5],MASE[0.5],ND[0.5],NRMSE[mean],total_time_eval
m4_Hourly,2112343.1947678523,309.0963957413383,0.131032205818164,2.0249310432044854,0.04219848622052003,0.19841987462117658,20.79085612297058
