,MSE[mean],MAE[0.5],sMAPE[0.5],MASE[0.5],ND[0.5],NRMSE[mean],total_time_eval
timesfm_m4_Daily_uni2ts,361764.38218717964,173.33254745631916,0.02977221982745427,1.1429595727333086,0.026775088177895676,0.09291026372127406,739.7855002880096
chronos_m4_Daily_uni2ts,1037418.110378857,202.9549304640238,0.031816795181779274,1.2279434418504478,0.031350927676652054,0.15733585427722152,642.7800540924072
moirai_m4_Daily_uni2ts,733658.8664706479,226.67104540538713,0.03901514155644983,1.4557919950383138,0.0350144119911149,0.13231158595228543,395.79897904396057
