,MSE[mean],MAE[0.5],sMAPE[0.5],MASE[0.5],ND[0.5],NRMSE[mean],total_time_eval
m4_Daily,1037418.110378857,202.9549304640238,0.031816795181779274,1.2279434418504478,0.031350927676652054,0.15733585427722152,642.7800540924072
