,MSE[mean],MAE[0.5],sMAPE[0.5],MASE[0.5],ND[0.5],NRMSE[mean],total_time_eval
m4_Daily,733658.8664706479,226.67104540538713,0.03901514155644983,1.4557919950383138,0.0350144119911149,0.13231158595228543,395.79897904396057
