,MSE[mean],MAE[0.5],sMAPE[0.5],MASE[0.5],ND[0.5],NRMSE[mean],total_time_eval
timesfm_m4_Monthly_uni2ts,2028583.5612485134,580.2596376930629,0.13694678384914435,0.9569433579215747,0.12059787246477913,0.2960150108921771,7472.2265655994415
chronos_m4_Monthly_uni2ts,2120032.5547175924,601.3335837673611,0.14091515654104728,1.0257563636096434,0.12497776190720523,0.3026136742656585,4899.118737220764
moirai_m4_Monthly_uni2ts,3653752.165212963,654.3182004484954,0.15244998065630594,1.1907499695726234,0.13598978416419122,0.3972709661772045,3696.0813155174255
