,MSE[mean],MAE[0.5],sMAPE[0.5],MASE[0.5],ND[0.5],NRMSE[mean],total_time_eval
timesfm_m4_Monthly_uni2ts,2028583.5573822306,580.2596369565085,0.1369467835736057,0.9569433583246344,0.12059787231169783,0.29601501061008917,9837.751069068909
chronos_m4_Monthly_uni2ts,2176918.996462963,620.3172143012152,0.1456491182733465,1.0558240957324625,0.12892321202181622,0.3066467868182391,7148.654903650284
moirai_m4_Monthly_uni2ts,5892867.8786064815,698.8446667209201,0.16196251638840747,1.251523700412091,0.14524391289089278,0.5045226140201254,6465.056355237961
