,MSE[mean],MAE[0.5],sMAPE[0.5],MASE[0.5],ND[0.5],NRMSE[mean],total_time_eval
m4_Weekly,432744.4953931862,320.67554103278337,0.07621788677168986,0.5311526686679496,0.058422108257050166,0.11984699940774604,76.07135820388794
