,MSE[mean],MAE[0.5],sMAPE[0.5],MASE[0.5],ND[0.5],NRMSE[mean],total_time_eval
m4_Monthly,2176918.996462963,620.3172143012152,0.1456491182733465,1.0558240957324625,0.12892321202181622,0.3066467868182391,7148.654903650284
