,MSE[mean],MAE[0.5],sMAPE[0.5],MASE[0.5],ND[0.5],NRMSE[mean],total_time_eval
m4_Quarterly,2056849.5378333332,602.3481437174479,0.11034497344493865,1.270580512109596,0.10082247198847637,0.2400551496097288,8014.4277629852295
