,MSE[mean],MAE[0.5],sMAPE[0.5],MASE[0.5],ND[0.5],NRMSE[mean],total_time_eval
timesfm_m4_Hourly_uni2ts,554651.6406990364,196.0942936963409,0.09333957936300084,0.7676324375351665,0.026771200952283327,0.1016747349736424,92.11003994941711
chronos_m4_Hourly_uni2ts,2142440.9420289854,262.8060005912842,0.08770191112770166,0.8387634392464537,0.03587882197219921,0.1998284536253832,114.82571697235107
moirai_m4_Hourly_uni2ts,2204414.134007649,320.41399252088365,0.13183918705692999,2.037960411588871,0.043743584884642896,0.20269801303403923,41.510316371917725
