,MSE[mean],MAE[0.5],sMAPE[0.5],MASE[0.5],ND[0.5],NRMSE[mean],total_time_eval
m4_Hourly,2142440.9420289854,262.8060005912842,0.08770191112770166,0.8387634392464537,0.03587882197219921,0.1998284536253832,114.82571697235107
