,MSE[mean],MAE[0.5],sMAPE[0.5],MASE[0.5],ND[0.5],NRMSE[mean],total_time_eval
m4_Weekly,380270.680094279,296.3275859760017,0.07107428204765508,0.49484552101577123,0.053986291768293955,0.11234605713402561,542.696875333786
