,MSE[mean],MAE[0.5],sMAPE[0.5],MASE[0.5],ND[0.5],NRMSE[mean],total_time_eval
timesfm_m4_Daily_uni2ts,361764.38218717964,173.33254745631916,0.02977221982745427,1.1429595727333086,0.026775088177895676,0.09291026372127406,860.3046081066132
chronos_m4_Daily_uni2ts,826949.3022406976,182.33181117771807,0.029425299660359953,1.130718779710917,0.028165225709551784,0.14047215092709858,8284.858772993088
moirai_m4_Daily_uni2ts,623479.7688654885,204.41943178676777,0.035727571112994606,1.3085828901110756,0.03157715268482129,0.12197251341466042,2081.3459899425507
