,MSE[mean],MAE[0.5],sMAPE[0.5],MASE[0.5],ND[0.5],NRMSE[mean],total_time_eval
m4_Daily,826949.3022406976,182.33181117771807,0.029425299660359953,1.130718779710917,0.028165225709551784,0.14047215092709858,8284.858772993088
