,MSE[mean],MAE[0.5],sMAPE[0.5],MASE[0.5],ND[0.5],NRMSE[mean],total_time_eval
m4_Monthly,5892867.8786064815,698.8446667209201,0.16196251638840747,1.251523700412091,0.14524391289089278,0.5045226140201254,6465.056355237961
