,MSE[mean],MAE[0.5],sMAPE[0.5],MASE[0.5],ND[0.5],NRMSE[mean],total_time_eval
m4_Weekly,749656.8922219841,415.59426726215986,0.10755465070006422,0.7049508052375156,0.07571483045638698,0.15774030457346325,118.37228679656982
