,MSE[mean],MAE[0.5],sMAPE[0.5],MASE[0.5],ND[0.5],NRMSE[mean],total_time_eval
m4_Daily,361764.38218717964,173.33254745631916,0.02977221982745427,1.1429595727333086,0.026775088177895676,0.09291026372127406,860.3046081066132
