,MSE[mean],MAE[0.5],sMAPE[0.5],MASE[0.5],ND[0.5],NRMSE[mean],total_time_eval
m4_Weekly,297166.2550513972,285.79458587921124,0.06935729953747462,0.47974703319497847,0.05206733941023321,0.09931415106748046,92.20414614677429
