,MSE[mean],MAE[0.5],sMAPE[0.5],MASE[0.5],ND[0.5],NRMSE[mean],total_time_eval
m4_Monthly,2028583.5573822306,580.2596369565085,0.1369467835736057,0.9569433583246344,0.12059787231169783,0.29601501061008917,9837.751069068909
