,MSE[mean],MAE[0.5],sMAPE[0.5],MASE[0.5],ND[0.5],NRMSE[mean],total_time_eval
timesfm_m4_Hourly_uni2ts,554651.6406990364,196.0942936963409,0.09333957936300084,0.7676324375351665,0.026771200952283327,0.1016747349736424,149.54785656929016
chronos_m4_Hourly_uni2ts,1416446.6450281804,271.4250358544686,0.08355501577282105,0.8053040709693281,0.037055510598349835,0.1624811589224726,1990.7855296134949
moirai_m4_Hourly_uni2ts,1770000.2059681965,290.3166315198521,0.12186007415230915,1.781951575082869,0.039634630542811036,0.18163082537627115,112.07819771766663
