,MSE[mean],MAE[0.5],sMAPE[0.5],MASE[0.5],ND[0.5],NRMSE[mean],total_time_eval
m4_Hourly,1416446.6450281804,271.4250358544686,0.08355501577282105,0.8053040709693281,0.037055510598349835,0.1624811589224726,1990.7855296134949
