,MSE[mean],MAE[0.5],sMAPE[0.5],MASE[0.5],ND[0.5],NRMSE[mean],total_time_eval
m4_Hourly,1770000.2059681965,290.3166315198521,0.12186007415230915,1.781951575082869,0.039634630542811036,0.18163082537627115,112.07819771766663
