,MSE[mean],MAE[0.5],sMAPE[0.5],MASE[0.5],ND[0.5],NRMSE[mean],total_time_eval
timesfm_m4_Weekly_uni2ts,297166.25042102404,285.7945821781293,0.06935729863292142,0.4797470312836209,0.05206733873595351,0.09931415029373583,65.53984951972961
chronos_m4_Weekly_uni2ts,400745.5924576816,301.3145489607885,0.07209914824373594,0.49888349714790353,0.054894835889625244,0.11533092261361286,43.55480098724365
moirai_m4_Weekly_uni2ts,626937.0336404543,404.2348671523463,0.10668579127718555,0.685916498041747,0.07364532104316096,0.14425250093851125,28.38501501083374
