,MSE[mean],MAE[0.5],sMAPE[0.5],MASE[0.5],ND[0.5],NRMSE[mean],total_time_eval
m4_Weekly,626937.0336404543,404.2348671523463,0.10668579127718555,0.685916498041747,0.07364532104316096,0.14425250093851125,28.38501501083374
