,MSE[mean],MAE[0.5],sMAPE[0.5],MASE[0.5],ND[0.5],NRMSE[mean],total_time_eval
m4_Weekly,297166.25042102404,285.7945821781293,0.06935729863292142,0.4797470312836209,0.05206733873595351,0.09931415029373583,65.53984951972961
