,MSE[mean],MAE[0.5],sMAPE[0.5],MASE[0.5],ND[0.5],NRMSE[mean],total_time_eval
m4_Quarterly,2083754.2936666666,623.3934641927083,0.11566578396161398,1.3354978357888025,0.10434508803077097,0.2416200772979494,1103.4318358898163
