,MSE[mean],MAE[0.5],sMAPE[0.5],MASE[0.5],ND[0.5],NRMSE[mean],total_time_eval
timesfm_m4_Quarterly_uni2ts,2129000.7449990003,627.5537521635295,0.11395181026256836,1.4006271845078488,0.1050414469749746,0.24422924773822247,4571.833577871323
chronos_m4_Quarterly_uni2ts,2056849.5378333332,602.3481437174479,0.11034497344493865,1.270580512109596,0.10082247198847637,0.2400551496097288,8014.4277629852295
moirai_m4_Quarterly_uni2ts,2561851.982,666.2010240885417,0.12067865101496379,1.443626065184797,0.11151031972195923,0.267908678318251,3809.224377632141
