,MSE[mean],MAE[0.5],sMAPE[0.5],MASE[0.5],ND[0.5],NRMSE[mean],total_time_eval
m4_Quarterly,2561851.982,666.2010240885417,0.12067865101496379,1.443626065184797,0.11151031972195923,0.267908678318251,3809.224377632141
