,MSE[mean],MAE[0.5],sMAPE[0.5],MASE[0.5],ND[0.5],NRMSE[mean],total_time_eval
m4_Quarterly,2129000.7449990003,627.5537521635295,0.11395181026256836,1.4006271845078488,0.1050414469749746,0.24422924773822247,4571.833577871323
