,MSE[mean],MAE[0.5],sMAPE[0.5],MASE[0.5],ND[0.5],NRMSE[mean],total_time_eval
m4_Hourly,2204414.134007649,320.41399252088365,0.13183918705692999,2.037960411588871,0.043743584884642896,0.20269801303403923,41.510316371917725
