,MSE[mean],MAE[0.5],sMAPE[0.5],MASE[0.5],ND[0.5],NRMSE[mean],total_time_eval
m4_Hourly,554651.6406990364,196.0942936963409,0.09333957936300084,0.7676324375351665,0.026771200952283327,0.1016747349736424,92.11003994941711
