,MSE[mean],MAE[0.5],sMAPE[0.5],MASE[0.5],ND[0.5],NRMSE[mean],total_time_eval
m4_Monthly,2120032.5547175924,601.3335837673611,0.14091515654104728,1.0257563636096434,0.12497776190720523,0.3026136742656585,4899.118737220764
