,MSE[mean],MAE[0.5],sMAPE[0.5],MASE[0.5],ND[0.5],NRMSE[mean],total_time_eval
m4_Monthly,3653752.165212963,654.3182004484954,0.15244998065630594,1.1907499695726234,0.13598978416419122,0.3972709661772045,3696.0813155174255
