,MSE[mean],MAE[0.5],sMAPE[0.5],MASE[0.5],ND[0.5],NRMSE[mean],total_time_eval
m4_Daily,623479.7688654885,204.41943178676777,0.035727571112994606,1.3085828901110756,0.03157715268482129,0.12197251341466042,2081.3459899425507
