model,score
TimesFM,0.1226906634319847
Chronos Base,0.1812910533552805
Moirai Base,1.0
