model,time
TimesFM,9814.46217918396
Chronos Base,43828.065546512604
Moirai Base,17656.177494049072
