,MSE[mean],MAE[0.5],sMAPE[0.5],MASE[0.5],ND[0.5],NRMSE[mean],total_time_eval
timesfm_m4_Quarterly_uni2ts,2129000.7449990003,627.5537521635295,0.11395181026256836,1.4006271845078488,0.1050414469749746,0.24422924773822247,3831.1826400756836
chronos_m4_Quarterly_uni2ts,2083754.2936666666,623.3934641927083,0.11566578396161398,1.3354978357888025,0.10434508803077097,0.2416200772979494,1103.4318358898163
moirai_m4_Quarterly_uni2ts,3341374.5086666667,717.2871731770833,0.1328894129594167,1.5999625944497098,0.12006124145916425,0.3059654178885118,1896.7305493354797
