,MSE[mean],MAE[0.5],sMAPE[0.5],MASE[0.5],ND[0.5],NRMSE[mean],total_time_eval
timesfm_m4_Weekly_uni2ts,297166.25585229154,285.7945883248025,0.06935729958504569,0.4797470401057663,0.05206734290459131,0.09931415701666352,70.96420574188232
chronos_m4_Weekly_uni2ts,380270.680094279,296.3275859760017,0.07107428204765508,0.49484552101577123,0.053986291768293955,0.11234605713402561,542.696875333786
moirai_m4_Weekly_uni2ts,558013.8744375402,373.52525712449113,0.09684432352383592,0.6302253336850406,0.0680505105440399,0.13609241258274482,83.26721286773682
