,MSE[mean],MAE[0.5],sMAPE[0.5],MASE[0.5],ND[0.5],NRMSE[mean],total_time_eval
m4_Weekly,558013.8744375402,373.52525712449113,0.09684432352383592,0.6302253336850406,0.0680505105440399,0.13609241258274482,83.26721286773682
