,MSE[mean],MAE[0.5],sMAPE[0.5],MASE[0.5],ND[0.5],NRMSE[mean],total_time_eval
m4_Weekly,297166.25585229154,285.7945883248025,0.06935729958504569,0.4797470401057663,0.05206734290459131,0.09931415701666352,70.96420574188232
