,MSE[mean],MAE[0.5],sMAPE[0.5],MASE[0.5],ND[0.5],NRMSE[mean],total_time_eval
timesfm_m4_Yearly_uni2ts,3742026.193020266,896.5302055814716,0.14851366029446286,3.3705906565599677,0.14374070150347917,0.31014747181501445,3635.85852766037
chronos_m4_Yearly_uni2ts,3958447.548057971,978.8458872282608,0.1694787783968276,3.70170422416241,0.156938375994516,0.3189901560888992,628.5475475788116
moirai_m4_Yearly_uni2ts,6092823.933217391,1189.422714673913,0.2108396943686665,4.720644431827302,0.19070016194324885,0.3957529382535201,1834.3573143482208
