,MSE[mean],MAE[0.5],sMAPE[0.5],MASE[0.5],ND[0.5],NRMSE[mean],total_time_eval
m4_Yearly,3742026.193020266,896.5302055814716,0.14851366029446286,3.3705906565599677,0.14374070150347917,0.31014747181501445,3635.85852766037
