,MSE[mean],MAE[0.5],sMAPE[0.5],MASE[0.5],ND[0.5],NRMSE[mean],total_time_eval
m4_Monthly,2224144.7060613427,602.6409214409722,0.14135864778690868,0.9968322653088247,0.12524947161567682,0.3099551122343294,27272.890239953995
