,MSE[mean],MAE[0.5],sMAPE[0.5],MASE[0.5],ND[0.5],NRMSE[mean],total_time_eval
timesfm_m4_Weekly_uni2ts,297166.2550513972,285.79458587921124,0.06935729953747462,0.47974703319497847,0.05206733941023321,0.09931415106748046,92.20414614677429
chronos_m4_Weekly_uni2ts,432744.4953931862,320.67554103278337,0.07621788677168986,0.5311526686679496,0.058422108257050166,0.11984699940774604,76.07135820388794
moirai_m4_Weekly_uni2ts,749656.8922219841,415.59426726215986,0.10755465070006422,0.7049508052375156,0.07571483045638698,0.15774030457346325,118.37228679656982
