model,OWA_overall_weighted
TimesFM,0.8417703585490215
Chronos Base,0.8808943342536706
Moirai Base,0.9767783296912731
